{"institutions": [
   {
      "contractingBodies": [{
         "filename": "5a809faa-ed90-4074-a422-7bba807e78cd",
         "name": "European Central Bank"
      }],
      "name": "European Central Bank"
   },
   {
      "contractingBodies": [
         {
            "filename": "2596339a-29e2-47d7-918c-9c97e011573f",
            "name": "European External Action Service \u2014 BA.IBS.4 Infrastructure, Protocol and Conferences"
         },
         {
            "filename": "7c2fd8f9-e463-4d21-94ac-ddb6a1cc171d",
            "name": "European External Action Service, Division Field Security BA.IBS.2"
         },
         {
            "filename": "35b20a28-0063-47c3-b4d5-0dc04df667bc",
            "name": "European External Action Service, BA IBS.4 Infrastructure, Protocol and Conferences"
         },
         {
            "filename": "da07d002-3117-4465-ac92-5e7927c993d7",
            "name": "European External Action Service, délégation de l'Union européenne au Burkina Faso"
         },
         {
            "filename": "f46f37b0-096b-4c0f-93eb-522a802e2c4d",
            "name": "European External Action Service, Delegation of the European Union to Bosnia and Herzegovina"
         },
         {
            "filename": "0a23663b-3b3f-463b-8015-6c6238549163",
            "name": "European External Action Service (EEAS), Delegation of the European Union to Ukraine"
         },
         {
            "filename": "8371f26f-fcab-429a-97aa-e704f6ed14e2",
            "name": "European External Action Service (EEAS), Delegation of the European Union to the Republic of The Gambia"
         },
         {
            "filename": "d8b639b8-ca20-469e-b81d-cf4b06d50d4c",
            "name": "EEAS, Delegation of the European Union to Japan"
         },
         {
            "filename": "92553dcd-03fc-4958-b583-8c178d827225",
            "name": "European External Action Service (EEAS), division BA.HR.5"
         },
         {
            "filename": "b8669d3b-368e-4d0f-8752-14674771be30",
            "name": "European External Action Service (EEAS), Delegation of the European Union to Bosnia and Herzegovina"
         },
         {
            "filename": "fee910fc-0932-4e4e-bd4c-059b442cf79a",
            "name": "European External Action Service, EU Delegation to the United States of America"
         },
         {
            "filename": "e094c844-2ba6-4a71-b548-86661f8732ac",
            "name": "European External Action Service (EEAS), délégation de l'Union européenne en République du Sénégal"
         },
         {
            "filename": "c974cb51-6691-4a2a-be5a-fa22075e147d",
            "name": "European External Action Service (EEAS), Delegation of the European Union to Malawi"
         },
         {
            "filename": "b2140dbc-ea3a-4e85-bdb4-d63d122b5451",
            "name": "European External Action Service, Field Security Division"
         },
         {
            "filename": "966426e2-40b8-401c-840e-b01aa314db5d",
            "name": "EEAS and General Secretariat of the Council (GSC)"
         },
         {
            "filename": "2a24db18-c222-4e25-8c55-bce9648b0574",
            "name": "European External Action Service, EU Delegation to Montenegro"
         },
         {
            "filename": "8a8d5bf8-17be-4c0d-85e8-c41560a3a803",
            "name": "European External Action Service, division BA IBS.4 \u2014 Infrastructure, protocole et conférences"
         },
         {
            "filename": "9c57d8f3-77f3-435b-b203-c080b53f9b20",
            "name": "European External Action Service, EU Delegation to Ukraine"
         },
         {
            "filename": "bc026883-88cc-41da-b6bb-18f5a0f7e0ab",
            "name": "European External Action Service \u2014 EEAS, Career and Learning Development Division"
         },
         {
            "filename": "c5d6bdf2-800c-430a-bfdd-3022233252e9",
            "name": "European External Action Service (EEAS), délégation de l'Union européenne au Gabon"
         },
         {
            "filename": "d1d9a70c-64e1-4cd4-a4cd-de9897bdce8b",
            "name": "European External Action Service (EEAS), Delegation of the European Union to the Republic of Kenya"
         },
         {
            "filename": "aedde743-6ebb-4502-b8f4-7da8587fbf30",
            "name": "European External Action Service (EEAS), Delegation of the European Union to Cape Verde"
         },
         {
            "filename": "a2389401-0de3-40ff-818e-2f894353c132",
            "name": "European External Action Service (EEAS), délégation de l'Union européenne au Maroc"
         },
         {
            "filename": "b37498e1-07c6-4f05-a4a9-a3fcce2184af",
            "name": "European External Action Service, BA.IBS.6, Information Technology"
         },
         {
            "filename": "392b2953-5f21-4bfd-8751-637964288e54",
            "name": "European External Action Service (EEAS), Delegation of the European Union to Nigeria"
         },
         {
            "filename": "97500ae6-a815-4022-baec-5779c6b407da",
            "name": "European External Action Service, Delegation of the European Union in the Republic of Burundi"
         },
         {
            "filename": "c8173fd4-631d-4563-9fd1-24145d8609d9",
            "name": "European External Action Service (EEAS), délégation de l'Union européenne en République de Madagascar"
         },
         {
            "filename": "2b6c0db8-966e-4ac4-a79c-1f851a59b19c",
            "name": "European External Action Service, délégation de l'Union européenne en République de Côte d'Ivoire"
         },
         {
            "filename": "b1c4fc19-116b-4159-91bc-cf19700a6d32",
            "name": "European External Action Service, Delegation of the European Union to the Republic of Colombia"
         },
         {
            "filename": "65956c43-d28b-4783-be9e-53f5c5ba657f",
            "name": "European External Action Service, BA.IBS.7 Secure Communications Division"
         },
         {
            "filename": "76dea8a1-862e-4c6c-90c1-43a1995eb3bd",
            "name": "European External Action Service (EEAS), Delegation of the European Union to the Kingdom of Swaziland"
         },
         {
            "filename": "89b05589-96d9-4382-8776-6c8f44003320",
            "name": "European External Action Service (EEAS), Delegation of the European Union to Bolivia"
         },
         {
            "filename": "6d14229a-ef94-4422-9198-4ab718888fda",
            "name": "European External Action Service (EEAS), délégation de l'Union européenne en République du Bénin"
         },
         {
            "filename": "c93fc98a-72e1-4afd-89b3-5a153f78b1ca",
            "name": "European External Action Service (EEAS), HQ Security and Security Policy, Division BA IBS 3"
         },
         {
            "filename": "237c5a47-b7f9-4e2f-8f23-535da88fbe39",
            "name": "European External Action Service (EEAS), Delegation of the European Union to the Dominican Republic"
         },
         {
            "filename": "7be590cf-0a12-467f-8486-27cde361e613",
            "name": "European External Action Service, Delegation of the European Union to the Kingdom of Cambodia"
         },
         {
            "filename": "78503e60-7589-41cb-a67f-bb67566f101b",
            "name": "European External Action Service (EEAS) \u2014 Delegation of the EU to the State of Israel"
         },
         {
            "filename": "990ac96d-bffe-4f30-9a69-976a0bc298bd",
            "name": "European External Action Service (EEAS), Delegation of the European Union to Angola"
         }
      ],
      "name": "European External Action Service"
   },
   {
      "contractingBodies": [{
         "filename": "be47fddc-00d8-4099-9fe1-d47da745d14b",
         "name": "European Economic and Social Committee (EESC)"
      }],
      "name": "European Economic and Social Committee"
   },
   {
      "contractingBodies": [
         {
            "filename": "7bc8945f-e85e-4b47-b802-3cc9626bb1a0",
            "name": "European Chemicals Agency (ECHA)"
         },
         {
            "filename": "1f904774-4965-4dc2-a6ae-beb3fd8431ac",
            "name": "Executive Agency for Small and Medium-sized Enterprises"
         },
         {
            "filename": "a609f080-a610-4570-988a-80a2c90306c2",
            "name": "Europol"
         },
         {
            "filename": "129346ff-57b9-4b71-956d-9b10fa928601",
            "name": "The European Joint Undertaking for ITER and the Development of Fusion Energy (\u2018Fusion for Energy\u2019)"
         },
         {
            "filename": "8d5eb4a9-7003-4778-b9cb-6ec350e84545",
            "name": "European Maritime Safety Agency"
         },
         {
            "filename": "a9938f85-dec5-4a48-b2d0-aa1988279ac0",
            "name": "European Railway Agency"
         },
         {
            "filename": "d7c553a0-0672-4cd7-a8a5-018d10e9bb4a",
            "name": "European Agency for the Operational Management of Large-Scale IT Systems in the Area of Freedom, Security and Justice (eu-LISA)"
         },
         {
            "filename": "8d759dda-3406-474c-891c-7e5f5bd3fa89",
            "name": "European Food Safety Authority (EFSA)"
         },
         {
            "filename": "05d94a5c-3395-4e74-b8d3-df98cb900045",
            "name": "IMI 2 Joint Undertaking"
         },
         {
            "filename": "056b9954-b5bf-421d-b254-a4c9b4c57f56",
            "name": "European Union Agency for Law Enforcement Training (CEPOL)"
         },
         {
            "filename": "a3a8d50a-bd25-4344-9594-f834f5920357",
            "name": "European Insurance and Occupational Pensions Authority"
         },
         {
            "filename": "3b1382ff-d635-4214-a1b8-2da192be821c",
            "name": "Eurofound \u2014 European Foundation for the Improvement of Living and Working Conditions"
         },
         {
            "filename": "11a94062-e44f-475f-b5c4-521ee23e2e25",
            "name": "Fusion for Energy Joint Undertaking"
         },
         {
            "filename": "364f4169-d87f-4e9a-85d5-77eec9fa6bbf",
            "name": "European GNSS Agency (GSA)"
         },
         {
            "filename": "401446f0-9114-40df-9be4-35e05120ec1c",
            "name": "European Environment Agency"
         },
         {
            "filename": "4ff77343-a4a6-4b26-8b5d-9e4535ed2b5f",
            "name": "European Union Agency for Network and Information Security"
         },
         {
            "filename": "f9b8c901-97b7-4151-83dc-bbb454c52a41",
            "name": "Agency for the Cooperation of Energy Regulators"
         },
         {
            "filename": "f47372b6-9b5d-4af2-982d-0eb805ab6a9e",
            "name": "European Research Council Executive Agency"
         },
         {
            "filename": "ee66497a-f2df-4c1e-b75f-161cf0add807",
            "name": "European Agency for Safety and Health at Work"
         },
         {
            "filename": "68b65afd-7da0-4b86-a76c-bd83a82b9741",
            "name": "Cedefop"
         },
         {
            "filename": "13904440-3c2d-4df6-9b9d-245d42ae0254",
            "name": "Frontex"
         },
         {
            "filename": "14675d59-e990-45d7-bac9-2d65775e805d",
            "name": "EIOPA"
         },
         {
            "filename": "517b67aa-264c-4ef3-ac2c-73012736287f",
            "name": "The Executive Agency for Small and Medium-sized Enterprises (EASME)"
         },
         {
            "filename": "23a53fed-f9cc-4f26-86cb-1cc1131588ea",
            "name": "European Banking Authority"
         },
         {
            "filename": "06663392-12b2-4f98-83e0-a57d5a3f0f82",
            "name": "European Union Agency for Railways"
         },
         {
            "filename": "f21fb017-1354-4aea-b3de-99c57658cc96",
            "name": "Eurojust"
         },
         {
            "filename": "6c498e45-824e-44e9-a5a4-cf3de4cd1c5e",
            "name": "Office of the Body of European Regulators for Electronic Communications (BEREC Office)"
         },
         {
            "filename": "601270df-d7af-40d5-b02a-3a34d82306ec",
            "name": "Community Plant Variety Office"
         },
         {
            "filename": "0b117c32-5966-4cb9-8c54-3d9e2de2e8db",
            "name": "Consumers, Health, Agriculture and Food Executive Agency, Consumers and Food Safety Unit"
         },
         {
            "filename": "271dc63b-91e7-4f24-aaa7-fafcc3b32987",
            "name": "European Institute of Innovation and Technology"
         },
         {
            "filename": "b600f62f-3b2e-45de-b632-a7908deb9be7",
            "name": "European Defence Agency"
         },
         {
            "filename": "10368c0a-d41b-4e11-b58e-a4b568257ab6",
            "name": "Cedefop \u2014 European Centre for the Development of Vocational Training"
         },
         {
            "filename": "0dacf6f3-21d4-4c65-ae66-258c1d4eb069",
            "name": "European Union Intellectual Property Office"
         },
         {
            "filename": "2c9b8d0a-9420-45d4-98ce-03cf788a674f",
            "name": "European Police College (CEPOL)"
         },
         {
            "filename": "9668dfc6-b912-45cc-b9d2-5990e276fa8f",
            "name": "European Aviation Safety Agency"
         },
         {
            "filename": "112ad2bb-ea28-4d54-9028-820472eb97f4",
            "name": "European Asylum Support Office (EASO)"
         },
         {
            "filename": "66891925-c394-47da-89b8-94b12504b59b",
            "name": "European Fisheries Control Agency"
         },
         {
            "filename": "109b4709-020d-417c-ad41-d90fa3272884",
            "name": "Education, Audiovisual and Culture Executive Agency (EACEA)"
         },
         {
            "filename": "62560fad-e754-40da-8398-f6c108f8b927",
            "name": "Executive Agency for Small and Medium-sized Enterprises (EASME)"
         },
         {
            "filename": "4916dd31-94fe-4a45-bf72-2d5aab6cb251",
            "name": "Single Resolution Board"
         },
         {
            "filename": "b4464b3f-1807-484b-8726-509808e79a12",
            "name": "Translation Centre for the Bodies of the European Union"
         },
         {
            "filename": "52e9f121-ba1e-4892-ae5c-79fd904b4b05",
            "name": "European Union Agency for Fundamental Rights"
         },
         {
            "filename": "562a59c4-fc88-44f5-adf7-d8217b67e6ae",
            "name": "ESMA"
         },
         {
            "filename": "be2919d5-5e4a-44d5-9e90-2a56f0f31063",
            "name": "European Securities and Markets Authority (ESMA)"
         },
         {
            "filename": "ce27338f-9ce9-483c-8b71-69f0e62c90bd",
            "name": "European Agency for Safety and Health at Work (EU-OSHA)"
         },
         {
            "filename": "d172560a-b2cb-44d5-ba3f-45734478f82d",
            "name": "European Agency for the Management of Operational Cooperation at the External Borders of the Member States of the European Union \u2014 Frontex"
         },
         {
            "filename": "a7700148-6e96-444b-a00e-58b073344917",
            "name": "Consumers, Health, Agriculture and Food Executive Agency (Chafea)"
         },
         {
            "filename": "63b1bbe1-69b4-4cfa-b04c-762cbbd134a7",
            "name": "European Institute for Gender Equality"
         },
         {
            "filename": "8d751564-8b30-4995-a5b7-4c028ebfb4ab",
            "name": "SESAR Joint Undertaking"
         },
         {
            "filename": "236359da-a7e3-4ffb-a437-1565b5c0ffc7",
            "name": "OTH_NOT"
         },
         {
            "filename": "0a6b3c3d-6873-4379-9f59-5329c4fa10e2",
            "name": "European Monitoring Centre for Drugs and Drug Addiction (EMCDDA)"
         },
         {
            "filename": "c19d3bc6-6754-4bfd-b7fd-7facf4ca41aa",
            "name": "ETF"
         },
         {
            "filename": "2bc41e89-c682-4d4b-a207-e398b6633072",
            "name": "European Centre for Disease Prevention and Control"
         },
         {
            "filename": "2e5c1c9f-27cb-45a2-b5f8-dc897557fb57",
            "name": "Office for Harmonization in the Internal Market (Trade Marks and Designs)"
         },
         {
            "filename": "b86b3a5d-871d-487f-b8d8-676db2889c95",
            "name": "European Training Foundation"
         },
         {
            "filename": "263aa161-c40f-48ed-8a09-1651a14d1bb6",
            "name": "European Medicines Agency"
         }
      ],
      "name": "Agencies"
   },
   {
      "contractingBodies": [
         {
            "filename": "8de3539e-4068-4cd3-b5c0-30f30cb31ef8",
            "name": "OTH_NOT"
         },
         {
            "filename": "c2b10506-3932-4eb2-9630-03ee35a02799",
            "name": "European Investment Bank"
         }
      ],
      "name": "European Investment Bank"
   },
   {
      "contractingBodies": [
         {
            "filename": "08314871-e81c-4da4-8ab0-c69504e78d28",
            "name": "European Commission, Directorate-General for International Cooperation and Development"
         },
         {
            "filename": "99b38e1e-1b58-480d-a27d-71d3c4b2ad5c",
            "name": "European Commission, Directorate-General for Justice and Consumers, Unit JUST/04 Programme Management"
         },
         {
            "filename": "7a904345-a005-4580-bca6-0edbf5ec5cc0",
            "name": "European Commission, Directorate-General for Internal Market, Industry, Entrepreneurship and SMEs, Directorate E: Modernisation of the Single Market"
         },
         {
            "filename": "689d3c97-2efa-477f-a8de-c03ceec46ee2",
            "name": "European Commission, Directorate-General for Energy"
         },
         {
            "filename": "f1a0e85a-220d-4799-b626-c0fd0ff7fbf1",
            "name": "European Commission, direction générale du budget"
         },
         {
            "filename": "a52c18d2-096f-4e86-9dba-b5d8adb8d45e",
            "name": "European Commission (the lead contracting authority)"
         },
         {
            "filename": "03fcda48-8ff8-4e9f-bde9-3e202c8d18b7",
            "name": "European Commission, Joint Research Centre (JRC), Institute for the Protection and Security of the Citizen"
         },
         {
            "filename": "671b41dd-c635-422e-a427-08442ac8ec92",
            "name": "European Commission, Directorate-General for Humanitarian Aid and Civil Protection (ECHO)"
         },
         {
            "filename": "99b60e29-e729-4f3c-8812-cac55d7fe073",
            "name": "European Commission, Directorate-General for Justice and Consumers, Unit JUST/A4 Programme Management"
         },
         {
            "filename": "3f55bdb6-aae0-4602-9b0a-40d0ae84a225",
            "name": "European Commission, Joint Research Centre (JRC), Directorate Growth and Innovation"
         },
         {
            "filename": "98114b4c-b720-497f-8a14-6d90365e58d6",
            "name": "European Commission, Directorate-General for Communications Networks, Content and Technology, Directorate H: Digital Society, Trust and Cybersecurity, Unit H1: Cybersecurity and Digital Privacy"
         },
         {
            "filename": "079ead83-5782-4e47-bb82-b17287afb0a6",
            "name": "European Commission, Directorate-General for Communications Networks, Content and Technology, Directorate G \u2014 Data, Unit G3 \u2014 Learning, Multilingualism and Accessibility"
         },
         {
            "filename": "3c54e8b6-c95b-44f3-adb7-130867684001",
            "name": "European Commission, Directorate-General for Employment, Social Affairs and Inclusion"
         },
         {
            "filename": "3f1db89e-3296-4e67-a47c-e0c4c89d77c0",
            "name": "European Commission, Directorate-General for Economic and Financial Affairs, Unit D2: Neighbourhood Countries \u2014 Macrofinancial Assistance"
         },
         {
            "filename": "f0efcbad-148c-4320-b945-f2be17357af5",
            "name": "European Commission, Directorate-General for Internal Market, Industry, Entrepreneurship and SMEs, Directorate C \u2014 Industrial Transformation and Advanced Value Chains"
         },
         {
            "filename": "806b4a34-4d44-4559-b325-ec6a729711ec",
            "name": "European Commission, Directorate-General for Financial Stability, Financial Services and Capital Markets Union"
         },
         {
            "filename": "7938f1e8-d90f-4d14-aafd-6e7251d3eebd",
            "name": "European Commission, Joint Research Centre (JRC), Institute for Prospective Technological Studies (IPTS)"
         },
         {
            "filename": "c802469d-b228-4218-af89-9b05088b239a",
            "name": "European Commission, Directorate-General for Health and Food Safety"
         },
         {
            "filename": "79eb9e82-5527-4aea-b3ed-14184de72377",
            "name": "European Commission, Directorate-General for Economic and Financial Affairs, Directorate L: Treasury and financial operations"
         },
         {
            "filename": "af149035-9bc9-4936-b33c-300affa6edee",
            "name": "European Commission, Directorate-General for Regional and Urban Policy, REGIO DGA1.B.1 Economic analysis"
         },
         {
            "filename": "b23627cf-f47e-4be5-9f04-edb7ef432e07",
            "name": "European Commission, Directorate-General for Employment, Social Affairs and Inclusion, EMPL.R3 \u2014 Communication, CAD"
         },
         {
            "filename": "b2252005-a623-4c6f-bb3a-113c7f7a5e72",
            "name": "European Commission, Directorate-General for Internal Market, Industry, Entrepreneurship and SMEs, Directorate H: COSME Programme"
         },
         {
            "filename": "44bc67c3-68c9-42df-9ee0-9b067590ac0b",
            "name": "European Commission, Directorate-General for Mobility and Transport, Directorate C: Innovative and Sustainable Mobility"
         },
         {
            "filename": "90f6f681-c190-4b4a-b644-5ef69a65aede",
            "name": "European Commission, Directorate-General for Internal Market, Industry, Entrepreneurship and SMEs"
         },
         {
            "filename": "4b8cf6d6-3d39-493e-a8d7-777d0909c999",
            "name": "European Commission, Directorate-General for Internal Market, Industry, Entrepreneurship and SMEs, Directorate D"
         },
         {
            "filename": "c2306735-a0fa-4fae-879f-672c8b10be66",
            "name": "European Commission, direction générale des ressources humaines et de la sécurité, unité R3 \u2014 Finances, marchés publics et contrôle interne"
         },
         {
            "filename": "292f0d21-474b-4f6c-b58f-607031cc24e3",
            "name": "European Commission Representation in Portugal"
         },
         {
            "filename": "609a7ded-d276-4379-8137-5ee9c78f167e",
            "name": "European Commission, Directorate-General for Communication Networks, Content and Technology, Directorate B: Electronic Communications Networks and Services, Unit B4: Radio Spectrum Policy"
         },
         {
            "filename": "6e6387f2-fea5-4355-8df2-8b6f07186f3f",
            "name": "European Commission, Directorate-General for Internal Market, Industry, Entrepreneurship and SMEs, Directorate B"
         },
         {
            "filename": "e67ca0db-442f-45cb-bd5d-37d75789257d",
            "name": "Directorate-General for Employment, Social Affairs and Inclusion"
         },
         {
            "filename": "0722d53e-4d67-43f5-8d73-d88ec17143ce",
            "name": "European Commission, Gemeinsame Forschungsstelle (JRC), Karlsruhe"
         },
         {
            "filename": "a4f940ac-3f19-4db1-9e1a-fc6e5dd583bd",
            "name": "European Commission, Directorate-General for Informatics, Directorate R: Resources Management and Optimisation, Unit 3: ICT Procurement and Contract Management"
         },
         {
            "filename": "9912215a-5caf-4083-9ed6-ff840e8d7435",
            "name": "European Commission, Directorate-General for Human Resources and Security, Unit R3: Finance, Procurement and Internal Control"
         },
         {
            "filename": "411f2581-cfc8-4dcd-b763-2668f008dadf",
            "name": "European Commission, direction générale de l'emploi, des affaires sociales et de l'inclusion"
         },
         {
            "filename": "5c04009c-0795-4c29-a36b-175798c9242e",
            "name": "European Commission, Directorate-General for Employment, Social Affairs and Inclusion; Health, Safety and Hygiene at Work Unit"
         },
         {
            "filename": "3e12c3cb-6c36-42ef-b968-2f3ca47173a6",
            "name": "European Commission, European Personnel Selection Office/European School of Administration"
         },
         {
            "filename": "92c90440-80eb-4c30-b329-5565a6f3e65c",
            "name": "European Commission, Directorate-General for Health and Food Safety, Directorate F: Food and Veterinary Office, Unit F7: Operational and administrative services"
         },
         {
            "filename": "53bb5d75-f172-4ae9-b863-f7cf8803fd58",
            "name": "European Commission, direction générale de la communication, représentation en France, Paris"
         },
         {
            "filename": "619f4d5e-d715-411c-af1f-ad1ae74e6d07",
            "name": "Directorate-General for Mobility and Transport, Directorate E \u2014 Aviation and international transport affairs"
         },
         {
            "filename": "f8cc90fd-aa00-492e-b154-ef91b249a765",
            "name": "European Commission, Directorate-General for Economic and Financial Affairs"
         },
         {
            "filename": "6f3d7ffa-cfc3-4b5b-b9d1-3435d2ff5de2",
            "name": "European Commission, Joint Research Centre, JRC Geel"
         },
         {
            "filename": "5618ddb3-c836-4508-b204-ca2224c05170",
            "name": "European Commission, Centro Común de Investigación (JRC), Instituto de Estudios de Prospectiva Tecnológica (IPTS)"
         },
         {
            "filename": "cc8513de-ee50-486f-afbd-96c1894623fc",
            "name": "Delegation of the European Union to Ukraine"
         },
         {
            "filename": "a9054071-41a5-4f59-b988-e854fbc8edae",
            "name": "European Commission, Directorate-General for the Environment, ENV. SRD.2 \u2014 Finance"
         },
         {
            "filename": "53e2fea6-d7e3-4fd3-b19e-5f12356fe6d3",
            "name": "European Commission, Centro comune di ricerca (JRC)"
         },
         {
            "filename": "23c2983e-56f7-49e7-89c8-d8931dd7c242",
            "name": "European Commission, Gemeinsame Forschungsstelle (JRC), JRC-Karlsruhe"
         },
         {
            "filename": "1bdecb3c-c92e-4c47-af82-74d79b79659d",
            "name": "European Commission, Directorate-General for Informatics, Directorate R: Resources Management and Optimisation, Unit R3: ICT Procurement and Contract Management"
         },
         {
            "filename": "40ae56a2-2885-4285-b844-030f3320565d",
            "name": "European Commission, Directorate-General for Communication, Unit A2, Corporate Communication Contracts"
         },
         {
            "filename": "4c3587b6-bf50-4ada-8cbd-9f38c8228a69",
            "name": "Directorate-General for Mobility and Transport"
         },
         {
            "filename": "ee35e487-74d0-435a-9c08-739cdda67156",
            "name": "European Commission, Directorate-General for Energy, Directorate D \u2014 Nuclear Safety and Fuel Cycle"
         },
         {
            "filename": "a6cf8700-4d06-4d60-83de-9307f2682a8c",
            "name": "European Commission, Directorate-General for Communications Networks, Content and Technology, Directorate E, Unit E2: Software and Services, Cloud"
         },
         {
            "filename": "17cc9af3-a35e-47ea-a7d3-48bc205d5a09",
            "name": "European Commission, Joint Research Center (JRC) \u2014 Institute for Prospective Technological Studies (IPTS)"
         },
         {
            "filename": "7bdf26ed-ba48-47c3-a2bf-48c6ada666dd",
            "name": "European Commission"
         },
         {
            "filename": "6fa2f4ba-ea2b-41dc-bbb9-4bb5f279a796",
            "name": "European Commission, Directorate-General for Communication, Unit A4 \u2014 Audiovisual Services"
         },
         {
            "filename": "ce9c8f04-e3d3-4ff0-a6aa-b5e4cee65c1c",
            "name": "European Commission, European Personnel Selection Office, Unit EPSO.01 \u2018E-selection and Test Development\u2019"
         },
         {
            "filename": "67178ab4-e77b-4fa2-b649-7da5b984450c",
            "name": "European Commission, Joint Research Centre, Directorate for Nuclear Safety and Security"
         },
         {
            "filename": "e03cac6b-312b-404e-a263-5c5ee0472ee4",
            "name": "European Commission, Directorate-General for Education and Culture, Modernisation of Education II: Education Policy and Programme, Innovation, EIT and MSCA, Unit B1: Higher Education"
         },
         {
            "filename": "8a3ecd1b-603d-40d6-b88e-eb61354cc23c",
            "name": "European Commission, Directorate-General for Communications Networks, Content and Technology, Task Force Legislation Team (eIDAS), Directorate R: Support, Unit R2: Finance"
         },
         {
            "filename": "a1155287-769b-42b8-bf8d-3a2e03356514",
            "name": "European Commission, Directorate-General for European Civil Protection and Humanitarian Aid Operations (ECHO)"
         },
         {
            "filename": "0bb68c1a-3ae3-4dc6-ba95-c88b287499a8",
            "name": "European Commission, Joint Research Centre (JRC), Institute for the Protection and Security of the Citizen, Global Security and Crisis Management Unit"
         },
         {
            "filename": "fb26530f-fdd9-4795-bb68-d09baa437645",
            "name": "European Commission, Directorate-General for Informatics, Resources Management and Optimisation Directorate, ICT Procurement and Contract Management Unit"
         },
         {
            "filename": "fbaeadda-8e9c-4a76-a031-23299c532976",
            "name": "Délégation de l'Union européenne en République du Cameroun"
         },
         {
            "filename": "015a2a06-9c5d-47f1-a170-a7c26a661ef5",
            "name": "European Commission, Directorate-General for Communications Networks, Content and Technology, Directorate E: Net Futures, Unit E4: Experimental Platforms"
         },
         {
            "filename": "608205b5-656e-4847-88b1-87d2846797da",
            "name": "European Commission, Centro comune di ricerca"
         },
         {
            "filename": "45349028-8b5b-40ce-ace2-2d4fcfed734b",
            "name": "European Commission, direction générale des ressources humaines et de la sécurité, unité HR.R.3 «Finances, marchés publics et contrôle interne»"
         },
         {
            "filename": "0d56e739-4f1b-4a94-95a4-26b2be744cc8",
            "name": "European Commission, Joint Research Centre (JRC), Directorate G: Nuclear Safety and Security"
         },
         {
            "filename": "60e04b69-2b94-4f84-82e5-2adb2109c5a2",
            "name": "European Commission, Directorate-General for Research and Innovation, Directorate G \u2014 Energy, Unit G.4 \u2014 Fission Energy"
         },
         {
            "filename": "436b1367-d3e4-4494-bf3f-91e517b2c752",
            "name": "European Commission, Directorate-General for Economic and Financial Affairs, Unit B3: Models and databases"
         },
         {
            "filename": "a960c5e0-7f67-40b5-ab63-731889cf02fa",
            "name": "European Commission, Directorate-General for Communication, Unit A2 \u2014 Corporate Communication Contracts and Services"
         },
         {
            "filename": "4812cd47-799f-42a1-983b-89bf47bd3398",
            "name": "European Commission, Directorate-General for Maritime Affairs and Fisheries, Directorate C \u2014 Atlantic, Outermost Regions and Arctic"
         },
         {
            "filename": "15185042-9ee1-450b-b736-f6a19f07b70a",
            "name": "European Commission, Directorate-General for Mobility and Transport, Directorate D: Logistics, Maritime and Land Transport and Passenger Rights"
         },
         {
            "filename": "0662a1af-f936-4db0-b47a-2c42336e343f",
            "name": "European Commission, Directorate-General for Internal Market, Entrepreneurship and SMEs, Directorate E: Modernisation of the Single Market"
         },
         {
            "filename": "bc169842-b8ef-4b80-b0d5-3f5edc864911",
            "name": "European Commission, Joint Research Centre, JRC-GEEL"
         },
         {
            "filename": "e0752299-d26a-427c-9bfd-a8a1072ca10e",
            "name": "European Commission, Joint Research Centre, JRC Karlsruhe"
         },
         {
            "filename": "9775a347-721b-48e7-a893-4f81c7252d68",
            "name": "European Commission, Directorate-General for Human Resources and Security, Unit R3 \u2014 Finance, Procurement and Internal Control"
         },
         {
            "filename": "31c9a945-268e-48c0-ab0b-bdf7a47783d0",
            "name": "European Commission, Directorate-General for Education and Culture, Unit B1"
         },
         {
            "filename": "0aaf03d4-72c9-41bc-bbd2-666861e65939",
            "name": "European Commission, Directorate-General for European Civil Protection and Humanitarian Aid Operations \u2014 ECHO"
         },
         {
            "filename": "9a2e5d52-5502-4ae7-82bc-c6e4ed88fa6a",
            "name": "European Commission, Joint Research Centre (JRC), Directorate D \u2014 Sustainable Resources"
         },
         {
            "filename": "7e4f30d2-f1a4-4ea7-af85-74dca361a703",
            "name": "European Commission, Directorate-General for Mobility and Transport, Unit C4"
         },
         {
            "filename": "d2801e6b-618b-4c0e-9ecb-dc3517d41e92",
            "name": "European Commission, Eurostat, Directorate E \u2018Sectoral and regional statistics\u2019"
         },
         {
            "filename": "a0c8277e-19a4-4d4f-8175-c7a7bf240a92",
            "name": "European Commission, Joint Research Centre, Institute for Energy and Transport"
         },
         {
            "filename": "183ac7f3-17ef-49e3-87f4-d49127aab6ca",
            "name": "European Commission, Joint Research Centre, Institute for Reference Materials and Measurements"
         },
         {
            "filename": "16405e35-b71c-4c02-842b-bc52b8822b3a",
            "name": "European Commission, Directorate-General for Regional and Urban Policy"
         },
         {
            "filename": "2eaa9153-9239-42a9-905f-112d40c43e93",
            "name": "European Commission, Directorate-General for the Environment"
         },
         {
            "filename": "58014769-5c09-41ab-b6a3-2f42e8ddb369",
            "name": "European Commission, Joint Research Centre (JRC), Energy, Transport and Climate Directorate, Sustainable Transport Unit"
         },
         {
            "filename": "4d6933f5-2023-4937-a946-9849e635f430",
            "name": "European Commission, Joint Research Centre (JRC), Institute for Environment and Sustainability"
         },
         {
            "filename": "a28e7df4-7adc-43e3-97ad-005231622bfd",
            "name": "European Commission, Food and Veterinary Office"
         },
         {
            "filename": "67b43fc8-0f89-49cc-911a-6e9e56780496",
            "name": "European Commission, Joint Research Centre, JRC-Geel"
         },
         {
            "filename": "49552372-68a2-4232-a227-30996e84f42d",
            "name": "European Commission, Directorate-General for Migration and Home Affairs, Directorate D \u2014 Security"
         },
         {
            "filename": "ba33f489-3cab-44ff-80bd-d78e411b85b7",
            "name": "European Commission, Joint Research Centre (JRC), JRC Karlsruhe"
         },
         {
            "filename": "4748415a-3ed9-45db-98ea-e3dcfe5469ea",
            "name": "European Commission, Directorate-General for Communications Networks, Content and Technology, Directorate I: Media Policy, Unit I1: Audiovisual and Media Services Policy"
         },
         {
            "filename": "70d9648c-f28e-4184-98b1-7b747f889af6",
            "name": "European Commission, Directorate-General for Internal Market, Industry, Entrepreneurship and SMEs, Directorate D: Consumer, Environmental and Health Technologies, Unit D.2 \u2018Chemicals\u2019"
         },
         {
            "filename": "87edae36-f508-40a8-b192-4102f19a6f29",
            "name": "European Commission, Eurostat"
         },
         {
            "filename": "c09c6d07-b2b0-4e99-b25d-1cc283be6e81",
            "name": "European Commission, Joint Research Centre (JRC), Ispra"
         },
         {
            "filename": "4fa622f4-77e0-40e3-8fdf-32cbf7bcc547",
            "name": "European Commission, Gemeinsame Forschungsstelle (JRC)"
         },
         {
            "filename": "5f04ff3b-6313-45cf-a0b0-5fefcd032f91",
            "name": "European Commission, Directorate-General for Communication, Unit C4 \u2014 Visitors' Centre"
         },
         {
            "filename": "3ce2ebf9-51e9-420b-b5dd-074b6ab5272e",
            "name": "European Commission, Directorate-General for Research and Innovation, Directorate J \u2014 Common Support Centre, Unit J.5 \u2014 Common service for Horizon 2020 information and data"
         },
         {
            "filename": "473d056e-7474-4948-a561-c5c689da2493",
            "name": "European Commission, Dirección General de Traducción"
         },
         {
            "filename": "b34d1bd9-8aee-48cb-811b-5277152008f8",
            "name": "European Commission, Directorate-General for Budget"
         },
         {
            "filename": "985450a7-6e56-4b24-990e-35dc6d5a2adf",
            "name": "European Commission, Directorate-General for Education and Culture, Directorate B: Modernisation of Education II: Education policy and programme, Innovation, EIT and MSCA, Unit B3: Innovation in education, EIT and MSCA"
         },
         {
            "filename": "f148a870-965e-42b7-8811-3387b3e08c3e",
            "name": "European Commission, Directorate-General for Mobility and Transport, Unit A.3: Economic analysis and impact assessment"
         },
         {
            "filename": "fc504d15-b5bd-46fc-841f-f05d1df49027",
            "name": "European Commission, Gemeinsame Forschungsstelle (JRC), Institut für Transurane (ITU)"
         },
         {
            "filename": "f399ac7b-e156-49ee-91a3-2487daa956c5",
            "name": "European Commission, Centro comune di ricerca, gestione del sito di Ispra, unità gestione beni e logistica"
         },
         {
            "filename": "7d1b2cfb-8425-4111-ace0-50bdc79be7c3",
            "name": "European Commission, Joint Research Centre (JRC)"
         },
         {
            "filename": "7f588ee9-0ab4-4fd2-b95b-041f50414576",
            "name": "European Commission, Directorate-General for Employment, Social Affairs and Inclusion, EMPL.E.3 \u2014 VET, Apprenticeships and Adult Learning"
         },
         {
            "filename": "0c4b8d46-6a91-41f9-8d47-70a05fd567b7",
            "name": "European Commission, Directorate-General for Communication, Representation in Finland"
         },
         {
            "filename": "098aca19-625c-4d78-9e5e-88cda5310a2e",
            "name": "European Commission, Joint Research Centre (JRC), Karlsruhe"
         },
         {
            "filename": "9636aba3-308c-45ab-8586-b3b89417102e",
            "name": "European Commission, Joint Research Centre, Resources, Safety, Security and Site Management Department Ispra"
         },
         {
            "filename": "24b12eca-02b9-4abf-ab48-1c5214f16726",
            "name": "European Commission, Directorate-General for Energy, Directorate E \u2014 Euratom safeguards"
         },
         {
            "filename": "17a42858-19c1-46d8-acfa-969560fee699",
            "name": "European Commission, Directorate-General for Research and Innovation, Directorate B \u2014 Innovation Union and European Research Area"
         },
         {
            "filename": "94f43301-a01f-4bed-b995-ba29921c333f",
            "name": "European Commission, Directorate-General for Communication, représentation à Bruxelles, Belgique"
         },
         {
            "filename": "6cb0ef29-818d-4867-b56c-04c6009dafa3",
            "name": "European Commission, direction générale des ressources humaines et de la sécurité, unité R.3 «Finances, marchés publics et contrôle interne»"
         },
         {
            "filename": "06c55f6b-0126-4010-9c82-885383389e04",
            "name": "European Commission, Directorate-General for Research and Innovation, Directorate J \u2014 Common Support Centre, Unit J.2"
         },
         {
            "filename": "2c5e540c-b084-4fc6-982a-339df8d59857",
            "name": "European Commission, Joint Research Centre, Directorate Sustainable Resources"
         },
         {
            "filename": "5ed5e8e9-58c8-463a-a52a-0ee64326475f",
            "name": "European Commission, Directorate-General for Regional and Urban Policy, REGIO DGA2.D.1 \u2014 Competence Centre Macro-regions and European Territorial Cooperation \u2014 Transnational and Interregional Cooperation"
         },
         {
            "filename": "aecbb243-298d-4e86-a12f-21a379b1a782",
            "name": "European Commission, Directorate-General for Regional and Urban Policy, Competence Centre, Inclusive Growth, Urban and Territorial Development"
         },
         {
            "filename": "64257683-19c1-47dc-86bb-d74a2d4872bb",
            "name": "European Commission, Joint Research Centre (JRC), Sustainable Resources Directorate"
         },
         {
            "filename": "a827f79d-1540-4eaa-9eb3-dcf979840e23",
            "name": "European Commission, Directorate-General for Economic and Financial Affairs, Unit A3: Economic situation, forecasts, business and consumer surveys"
         },
         {
            "filename": "5e481b60-e3fd-4814-a5a9-f8d05a9d7220",
            "name": "European Commission, Directorate-General for Environment"
         },
         {
            "filename": "f53a097c-47d6-4b87-9511-eb3a3d8b88bf",
            "name": "European Commission, Directorate-General for Education and Culture"
         },
         {
            "filename": "dec9bdcc-3c77-4a1f-978e-345f2e971036",
            "name": "European Commission, European Anti-Fraud Office (OLAF)"
         },
         {
            "filename": "f2da88f1-f812-442f-afe3-001a947be9b6",
            "name": "European Commission Representation in Spain"
         },
         {
            "filename": "e1e4b987-37b0-44a2-9f98-1d98b05a3290",
            "name": "European Commission, Directorate-General for Informatics"
         },
         {
            "filename": "5416d98e-3949-4d75-965a-5c783807e8f1",
            "name": "European Commission, Directorate-General for Communications Networks, Content and Technology, Directorate F: Digital Economy and Coordination, Unit F04: European Semester and Knowledge Base"
         },
         {
            "filename": "5cb80032-9f82-418c-b180-1a5879f23ac6",
            "name": "European Commission, Directorate-General for Justice and Consumers"
         },
         {
            "filename": "12eadc58-de74-4837-910f-b031352853f8",
            "name": "European Commission, Gemeenschappelijk Centrum voor onderzoek, directoraat Resources"
         },
         {
            "filename": "52ba7941-f42b-4032-8d67-2f46464f0c39",
            "name": "European Commission Representation in the United Kingdom"
         },
         {
            "filename": "dd3cd9a0-888e-44df-a87c-fdf4fd51f2da",
            "name": "European Commission representing the contracting Member States and the European Union"
         },
         {
            "filename": "334c32b9-01fd-47cd-ace1-c865bbdda8de",
            "name": "European Commission, Directorate-General for Communications Networks, Content and Technology, Directorate F: Digital Single Market, Unit F4 Digital Economy and Skills"
         },
         {
            "filename": "ca8c47d7-611c-4852-b80e-b330bfc5fe53",
            "name": "Delegation of the European Union to the Russian Federation"
         },
         {
            "filename": "dcb86fb3-1a2c-484b-abc1-bbc1fbf412e0",
            "name": "European Commission, Joint Research Centre (JRC), Institute for Transuranium Elements (ITU)"
         },
         {
            "filename": "70c4b9ea-2b60-472b-806c-47d11e5accf2",
            "name": "Directorate-General for Mobility and Transport, Directorate E \u2014 Aviation and International Transport Affairs"
         },
         {
            "filename": "ff4bbfd2-59e1-497f-b830-179aa79f7db4",
            "name": "European Commission, Directorate-General for Internal Market, Industry, Entrepreneurship and SMEs, Directorate G \u2014 Single Market for Public Administrations"
         },
         {
            "filename": "c6236402-b528-47db-9e8a-48ddab8d2ccc",
            "name": "European Commission, Directorate-General for Communication, Unit A2 \u2014 Corporate Communication Contracts"
         },
         {
            "filename": "f2a393a3-53cc-41c7-ab3e-27d243d21a6a",
            "name": "European Commission, Directorate-General for Mobility and Transport"
         },
         {
            "filename": "69b5115e-6a08-4363-be87-1b0a77816c0e",
            "name": "European Commission, Joint Research Centre (JRC), Institute for Energy and Transport, Sustainable Transport Unit"
         },
         {
            "filename": "e1ee434f-82e6-4116-a457-256e0f706239",
            "name": "European Commission, Joint Research Centre"
         },
         {
            "filename": "fadbcd73-a789-4f6b-b83e-1597238887bb",
            "name": "European Commission, Directorate-General for the Environment, SRD.2 \u2014 Finance"
         },
         {
            "filename": "7c270d0a-32d6-49c8-b0aa-09d4cc5023cd",
            "name": "European Commission Representation in Germany"
         },
         {
            "filename": "907dc162-67aa-4244-8865-9f0e075a4b96",
            "name": "European Commission, Joint Research Centre (JRC), Institute for Energy and Transport"
         },
         {
            "filename": "1f422145-748d-4958-8f23-fc76e582854e",
            "name": "European Commission, Directorate-General for Communication, Representation in Latvia"
         },
         {
            "filename": "e561fd22-0a47-4dbd-860d-c29e7134e055",
            "name": "European Commission, Directorate-General for Internal Market, Industry, Entrepreneurship and SMEs, Directorate C: Industrial Transformation and Advanced Value Chains"
         },
         {
            "filename": "419999f1-6be9-4f8c-b9b7-b7dc0b6d775a",
            "name": "European Commission, Directorate-General for Economic and Financial Affairs, Directorate L: Treasury and Financial Operations"
         },
         {
            "filename": "b25bbbb4-5afa-42f4-9f7b-d6a7bedd7a7b",
            "name": "European Commission, Directorate-General for Employment, Social Affairs and Inclusion, Health, Safety and Hygiene at Work Unit"
         },
         {
            "filename": "84691aba-c1ee-4b7f-905b-e2cc36fac00e",
            "name": "European Commission, Directorate-General for Human Resources and Security, Unit: Finance, Procurement and Internal Control"
         },
         {
            "filename": "2dd731ca-01e3-4273-8bd7-9296f466e0ef",
            "name": "European Commission, Shared Resource Directorate for Directorate-General for Energy and Directorate-General for Mobility and Transport"
         },
         {
            "filename": "922de66e-e3cb-4204-ab5b-4884562868a9",
            "name": "European Commission, Directorate-General for Education and Culture, Unit for Dissemination and Exploitation of Programmes"
         },
         {
            "filename": "e00c44cd-d1d5-4e1a-9299-f7f5449de1f9",
            "name": "Delegation of the European Union to Honduras"
         },
         {
            "filename": "81353698-1893-4476-abfe-8ab2f4a224ec",
            "name": "European Commission, Joint Research Centre, Resources Directorate \u2014 Human Resources Unit"
         },
         {
            "filename": "2290301c-4c67-4865-beef-5a6b67d1cc95",
            "name": "European Commission, Directorate-General for Energy, Directorate E \u2014 Euratom Safeguards"
         },
         {
            "filename": "dd1b678e-839f-487f-96de-23ab804ed478",
            "name": "European Commission, Directorate-General for Competition"
         },
         {
            "filename": "93aea46f-e4d4-4b4a-b4a8-b76750c744d7",
            "name": "European Commission, Directorate-General for Research and Innovation, Directorate E \u2014 Health, Unit E.3 \u2014 Fighting infectious diseases and advancing public health"
         },
         {
            "filename": "3e7e69f9-5b49-45a3-98dc-6cc9cabf55bd",
            "name": "European Commission, Directorate-General for Climate Action, CLIMA. SRD.2 \u2014 Finance"
         },
         {
            "filename": "b8171b2c-ae7c-4349-a8c8-6ccb69a4ade2",
            "name": "European Commission, Directorate-General for Regional and Urban Policy, Communication Unit"
         },
         {
            "filename": "32e4ee54-518c-4a9d-b46b-b04b848bc6bb",
            "name": "European Commission, Directorate-General for Research and Innovation, Directorate A \u2014 Policy Development and Coordination, Unit A.6 \u2014 Science Policy, Foresight and Data"
         },
         {
            "filename": "32c0ee17-6fe1-4123-ba7a-e85f674cd9f6",
            "name": "European Commission, Directorate-General for Health and Food Safety, Food and Veterinary Office"
         },
         {
            "filename": "0b40704d-55b3-4330-8d7c-6055dba36a11",
            "name": "European Commission, Directorate-General for Energy, Directorate D \u2014 Nuclear energy, safety and ITER"
         },
         {
            "filename": "600aed02-3d83-447c-82d8-7f42d091773d",
            "name": "European Commission, Directorate-General for the Environment, ENV.SRD.2 \u2014 Finance"
         },
         {
            "filename": "8b2d573e-8b5d-43c0-bb81-251713f5b785",
            "name": "European Commission, Directorate-General for Communication, Representation in Ireland"
         },
         {
            "filename": "028be4ba-7e8d-4065-b7ac-973dca7ce9c6",
            "name": "European Commission, Directorate-General for Economic and Financial Affairs, Unit B3: Models and Databases"
         },
         {
            "filename": "a2906c0c-be51-41a6-8cf6-ce04d2d4dd8a",
            "name": "European Commission, Directorate-General for Research and Innovation, Directorate E \u2014 Health, Unit E.1 \u2014 Strategy"
         },
         {
            "filename": "b3b5332c-4725-4c85-af31-e187ebc854d7",
            "name": "Directorate-General for Internal Market, Industry, Entrepreneurship and SMEs, Directorate D: Consumer, Environmental and Health Technologies"
         },
         {
            "filename": "8c0db26f-903d-4ffc-b5a6-f330e223e895",
            "name": "European Commission, Directorate-General for Communications Networks, Content and Technology, Directorate B: Electronic Communications Networks and Services, Unit B2: Implementation of the Regulatory Framework"
         },
         {
            "filename": "9d2ee15c-25e2-4649-9ab2-859c602c0600",
            "name": "European Commission, Joint Research Centre (JRC), Directorate E \u2014 Space Security and Migration"
         },
         {
            "filename": "12625718-d46e-4390-8cb9-4f1efb784418",
            "name": "European Commission, Directorate-General for Research and Innovation, Directorate G \u2014 Energy, Unit G.3 \u2014 Renewable energy sources"
         },
         {
            "filename": "958d851d-e8e0-4f1f-8759-eb250448fed5",
            "name": "European Commission, Directorate-General for Mobility and Transport, Directorate B: European mobility network"
         },
         {
            "filename": "395094e3-42e0-49be-aa37-3ccb1d050b25",
            "name": "European Commission, Directorate-General for Regional and Urban Policy, REGIO DGA1.B.1 Economic Analysis"
         },
         {
            "filename": "b24789c1-161b-4703-a049-dc1f72e1caf7",
            "name": "European Commission, Directorate-General for Research and Innovation, Directorate D: Key Enabling Technologies, D1: Strategy"
         },
         {
            "filename": "c33a6231-1b68-40a9-a59a-46bf67f858a9",
            "name": "European Commission, Directorate-General for Environment, SRD.2 \u2014 Finance"
         },
         {
            "filename": "0047741e-683f-49ee-b57f-d0faea751428",
            "name": "European Commission, Directorate-General for Mobility and Transport, Directorate A: Policy Coordination and Security"
         },
         {
            "filename": "488d3a59-7c5f-4469-b70e-584ca20f697d",
            "name": "European Commission, Directorate-General for Communications Networks, Content and Technology, Directorate C: Excellence in Science, Unit C2: Future and Emerging Technologies (FET)"
         },
         {
            "filename": "0b79698a-1d5c-4375-978d-cb392dd13b0f",
            "name": "European Commission, Directorate-General for Communications Networks, Content and Technology, Directorate G: Media and Data, Unit G01: Converging Media and Content"
         },
         {
            "filename": "9e3e22a3-4f8d-43a6-b4e0-d07262242341",
            "name": "European Commission, Directorate-General for Communications Networks, Content and Technology, Directorate F: Digital Single Market, Unit F4: Digital Economy and Skills"
         },
         {
            "filename": "10a67aa4-451a-47fd-a339-30ccb3dbb2d9",
            "name": "European Commission, Directorate-General for Communication, Unit A3 \u2014 Media Analysis"
         },
         {
            "filename": "a252ace5-2874-40c9-8f6b-3e0f209a2760",
            "name": "European Commission, Directorate-General for Internal Market, Industry, Entrepreneurship and SMEs, Directorate C \u2014 Industrial Transformation and Advanced Value Chains, Unit C4 \u2014 Automotive and Mobility Industries"
         },
         {
            "filename": "d59c15da-1636-4fdb-8e54-d46b0cdb7103",
            "name": "European Commission, Directorate-General for Energy, Directorate D \u2014 Nuclear Energy, Safety and ITER"
         },
         {
            "filename": "c04b8a67-76af-417a-9661-9ec1b23d0940",
            "name": "European Union, EU Delegation to Pakistan"
         },
         {
            "filename": "0afb202a-62b6-4d2f-9083-b867dc6e5bf3",
            "name": "European Commission, Directorate-General for Communication, Representation in Nicosia, Cyprus"
         },
         {
            "filename": "17077b00-0174-4559-af5c-0026c4a70016",
            "name": "European Commission, Directorate-General for Climate Action, SRD.2 \u2014 Finance"
         },
         {
            "filename": "c4e8468d-89b8-4bb7-9831-af060ea8d773",
            "name": "OTH_NOT"
         },
         {
            "filename": "1406aa11-04a0-4c87-b6a7-d5f49eee48ed",
            "name": "European Commission, Directorate-General for Internal Market, Industry, Entrepreneurship and SMEs, Directorate F: Innovation and Advanced Manufacturing"
         },
         {
            "filename": "2b57d84d-ee77-4abf-a3d5-5961c2f098e5",
            "name": "European Commission, Directorate-General for Taxation and Customs Union"
         },
         {
            "filename": "b826ec0b-e031-4a19-a6f4-e7c4b26e1b89",
            "name": "European Commission, Joint Research Centre, Ispra Site Management, Safety and Security Unit"
         }
      ],
      "name": "European Commission"
   },
   {
      "contractingBodies": [
         {
            "filename": "3a060da5-aad0-4132-8973-b980203fafb4",
            "name": "Committee of the Regions (CoR)"
         },
         {
            "filename": "c059ed03-0aba-422f-b309-c288d0e3fab9",
            "name": "Committee of the Regions of the European Union (CoR)"
         },
         {
            "filename": "a4270b45-40f0-4022-a397-ac7d567f8914",
            "name": "Committee of the Regions of the European Union"
         }
      ],
      "name": "European Committee of the Regions"
   },
   {
      "contractingBodies": [{
         "filename": "5421fb3d-cfa1-4046-b214-38710cadde8b",
         "name": "OTH_NOT"
      }],
      "name": "European Investment Fund"
   },
   {
      "contractingBodies": [{
         "filename": "55bd0110-18ff-4aac-88b8-7651858e0bcf",
         "name": "European Court of Auditors"
      }],
      "name": "European Court of Auditors"
   },
   {
      "contractingBodies": [{
         "filename": "fab236b4-27ac-40ae-bbfb-669621f77489",
         "name": "Publications Office of the European Union"
      }],
      "name": "Publications office of the European Union"
   },
   {
      "contractingBodies": [
         {
            "filename": "6839c380-7e19-4f06-8c31-57365a8d6e22",
            "name": "European Parliament, direction générale «Sécurité et protection»"
         },
         {
            "filename": "006c390d-3ac6-497d-a37d-47d56e17e205",
            "name": "European Parliament, Directorate-General for Innovation and Technological Support (ITEC)"
         },
         {
            "filename": "f35429f3-3d26-43b7-98ff-975deac38a96",
            "name": "European Parliament, Directorate-General for Communication"
         },
         {
            "filename": "775f484e-4de1-435e-916c-0be1579e3b56",
            "name": "European Parliament, Directorate-General for Communication, European Parliament Information Office in the United Kingdom"
         },
         {
            "filename": "d13122db-9c97-41bd-b7ef-5ac013b4fd7d",
            "name": "European Parliament, Directorate-General for Communication, Directorate B \u2018Information Offices\u2019, Information Office in Bulgaria"
         },
         {
            "filename": "e8d13954-501d-4ee2-afbe-4efc856ccefb",
            "name": "European Parliament, Directorate-General for Parliamentary Research Services (EPRS)"
         },
         {
            "filename": "0ec1f67e-35c2-420f-8777-efa2ec922a23",
            "name": "European Parliament, Directorate-General for Communication, European Parliament Information Office in Malta"
         },
         {
            "filename": "082c2dc3-4244-4e30-86d1-e58542953c3e",
            "name": "European Parliament, Directorate-General for Communication, Information Office in the Netherlands"
         },
         {
            "filename": "befca736-ae38-4b2d-a5f2-f55a38fa7e66",
            "name": "European Parliament, Directorate-General for Finance"
         },
         {
            "filename": "72604d00-b4ab-4a6d-bb4f-aa3a70105e91",
            "name": "European Parliament, direction générale des infrastructures et de la logistique"
         },
         {
            "filename": "9492a2f5-5825-4186-8e58-5f801d78f3f8",
            "name": "European Parliament, Directorate-General for Parliamentary Research Services"
         },
         {
            "filename": "6a84ecb2-cb7c-4a53-88bf-1e55520f0abc",
            "name": "European Parliament"
         },
         {
            "filename": "ae4c96c8-4851-44d7-8b9b-375dc607f80f",
            "name": "European Parliament, DG ITEC-ESIO-INFRAMGMT"
         },
         {
            "filename": "79ee22cc-3298-42bb-898d-7f07ff9f604b",
            "name": "European Parliament, direction générale de la présidence, service du protocole"
         },
         {
            "filename": "6d227149-f8e1-4fd5-9ce2-d7d3850022c2",
            "name": "European Parliament, direction générale de l'innovation et du support technologique, direction B, unité «Imprimerie»"
         },
         {
            "filename": "a51b162a-328f-4a5b-9783-f7d3aadabfe5",
            "name": "European Parliament, direction générale «Sécurité et protection» (DG SAFE)"
         },
         {
            "filename": "42d0569d-9505-42bf-b9b2-4ca3e1205a1d",
            "name": "European Parliament, direction générale de la sécurité et de la protection"
         },
         {
            "filename": "22b372e5-a447-4129-956d-fa8e588810c2",
            "name": "European Parliament Information Office in the United Kingdom"
         },
         {
            "filename": "f227fe5b-f207-40f7-93cb-e96f27deff6c",
            "name": "European Parliament, Directorate-General for Communication, Information Office in Poland"
         },
         {
            "filename": "27c906ec-4785-416f-93c7-ca345df73a0d",
            "name": "European Parliament, Informationsbüro in Deutschland"
         },
         {
            "filename": "5927fdec-e90e-4754-be2b-2a64630840cb",
            "name": "European Parliament, Directorate-General for Communication, Directorate for Media, Audiovisual Unit"
         },
         {
            "filename": "6ee22f4d-6b7b-4aef-917d-ee711f03ff7b",
            "name": "European Parliament, direction générale des finances"
         },
         {
            "filename": "bea74a2c-751a-4f5f-9c4f-2810f2de5575",
            "name": "Direction générale de l'innovation et du support technologique, direction des infrastructures et des équipements, unité «Équipements individuels et logistique»"
         },
         {
            "filename": "21efe3b6-bfa4-4783-8379-4d61901f861b",
            "name": "European Parliament, Directorate-General for Interpretation and Conferences"
         },
         {
            "filename": "778a4e9d-0b0d-42f8-b351-1ecd46a4e8cf",
            "name": "European Parliament, Directorate-General for Interpretation and Conferences, Directorate B: Organisation and Planning, Meetings and Conferences Unit"
         },
         {
            "filename": "3ab55f77-acad-4b1a-a19d-60b6e5b80b6b",
            "name": "European Parliament, Directorate-General for Internal Policies of the Union, Directorate for Citizens' Rights and Constitutional Affairs"
         },
         {
            "filename": "2bb610e3-ba9f-4019-81b0-990ba025bd99",
            "name": "European Parliament, Directorate-General for Security and Safety"
         },
         {
            "filename": "c02f64f2-1f11-4e2e-a7a5-ecd03ab6a7ce",
            "name": "European Parliament, Directorate-General for Translation"
         }
      ],
      "name": "European Parliament"
   },
   {
      "contractingBodies": [
         {
            "filename": "3404257d-26f9-4b89-b259-12a6b535dce5",
            "name": "Council of the European Union, secrétariat général"
         },
         {
            "filename": "66553c52-c40e-4bdb-b375-26285c5e2791",
            "name": "Council of the European Union, General Secretariat"
         },
         {
            "filename": "87385b92-567c-47ac-9a7a-9ee5b0337ad2",
            "name": "General Secretariat of the Council of the European Union"
         },
         {
            "filename": "e8d113b3-03f1-4d42-bc64-a6f2a5396cd0",
            "name": "OTH_NOT"
         },
         {
            "filename": "7458378f-a1cb-4e9f-a301-c567c23c911e",
            "name": "European External Action Service (EEAS)"
         },
         {
            "filename": "a86f2f7a-8f89-41d4-afa5-dd4fbb58bcb8",
            "name": "European Union Training Mission in Mali (EUTM Mali) \u2014 Athena"
         },
         {
            "filename": "ccff39c1-af6e-45ad-b166-56e4feacb636",
            "name": "Council of the European Union"
         }
      ],
      "name": "Council of the European union"
   },
   {
      "contractingBodies": [{
         "filename": "afa925fa-bb89-4b97-94e3-57bfe2616747",
         "name": "OTH_NOT"
      }],
      "name": "External aid programmes"
   },
   {
      "contractingBodies": [
         {
            "filename": "9bae2d7b-f9ee-4264-8b08-f6d1d0b65b36",
            "name": "Court of Justice of the European Union, direction générale des infrastructures, direction des bâtiments"
         },
         {
            "filename": "68e77a0e-7f5f-434e-bd65-736ba1e5d3bc",
            "name": "Court of Justice of the European Union"
         }
      ],
      "name": "Court of Justice of the European Union"
   }
]}